id,date,time_Asia_Baghdad,cycle,pillar,format,Arabic_title,reader_payoff,status
S01,2026-09-11,09:15,1,AI services,carousel,أي عمل يستحق أول تجربة AI؟,بطاقة اختيار بين ثلاث مهام، مع سبب بدء تجربة واحدة وتأجيل الأخريين.,Editorial draft; not scheduled
B01,2026-09-11,14:30,1,Bunyan Pro,carousel,أي موقع يحتاجك اليوم؟,قالب تحديث يساعدك على تحديد الموقع الذي يحتاج تدخلك، مع إبقاء المعاينة الفنية للمهندس.,Editorial draft; not scheduled
U01,2026-09-12,20:45,1,Practical AI,reel,فهمت الشرح؟ جرّب سؤالًا مختلفًا.,جلسة تعلّم تتوقف عند الخطأ، ثم تختبر نقل الفكرة إلى مثال جديد.,Editorial draft; not scheduled
S02,2026-09-13,14:40,2,AI services,reel,العرض المترجم ليس عرضًا واضحًا,قالب استخراج شروط العرض ورسالة استيضاح ثنائية اللغة.,Editorial draft; not scheduled
B02,2026-09-13,20:55,2,Bunyan Pro,carousel,«تعديل بسيط»… على أي حساب؟,ورقة تغيير قصيرة تفصل الطلب والتقدير والقرار، وتكشف أثر الوقت الذي قد يضيع خلف فرق السعر.,Editorial draft; not scheduled
U02,2026-09-14,09:25,2,Practical AI,carousel,الخلفية تغيّرت. والعنوان أيضًا؟,قائمة ثوابت واختبار مقارنة لتعديل صورة دون فقدان موضوعها أو كتابتها.,Editorial draft; not scheduled
B03,2026-09-15,09:05,3,Bunyan Pro,reel,طلب الدفعة يبدأ قبل التذكير,نموذج طلب دفعة قابل للمراجعة يفرّق بين أساس الطلب والمبلغ والتوثيق والتحصيل.,Editorial draft; not scheduled
S03,2026-09-15,20:35,3,AI services,carousel,ليس كل استفسار يحتاج الرد نفسه,خريطة ثلاث مسارات قابلة لتطبيق يدوي قبل الأتمتة.,Editorial draft; not scheduled
U03,2026-09-16,14:20,3,Practical AI,carousel,مصدران اختلفا؟ لا تطلب ملخّصًا يطمس الفرق.,جدول يربط كل ادعاء بمصدره وفترته وما لا يستطيع إثباته.,Editorial draft; not scheduled
S04,2026-09-17,14:30,4,AI services,carousel,الموظف الجديد يحتاج جوابًا يعرف مصدره,بطاقة معرفة واحدة واختبار سؤال مع مرجع قابل للفتح.,Editorial draft; not scheduled
B04,2026-09-17,20:45,4,Bunyan Pro,carousel,رصيد المشروع لا يخبرك بما تبقّى,مراجعة أسبوعية مبسطة تفصل الرصيد المسجل والالتزامات القادمة والتحصيل غير المؤكد.,Editorial draft; not scheduled
U04,2026-09-18,09:15,4,Practical AI,reel,وجد وقتًا مناسبًا؟ هذا لا يعني أنه حجزه.,طلب شخصي يختار جلسة دراسة دون تحريك المواعيد أو إرسال دعوات بالخطأ.,Editorial draft; not scheduled
B05,2026-09-19,09:25,5,Bunyan Pro,carousel,أي نسخة وصلت إلى الموقع؟,قاعدة تسمية وتسليم بسيطة تقلل غموض النسخة دون الادعاء بمنع كل أخطاء التنفيذ.,Editorial draft; not scheduled
S05,2026-09-19,20:55,5,AI services,reel,الفاتورة المصوّرة تحتاج مسارًا بعد القراءة,مخطط استخراج فاتورة وقاعدة تمنع خلط العملة أو تكرار المستند.,Editorial draft; not scheduled
U05,2026-09-20,14:40,5,Practical AI,carousel,تكرر تعليمات الكتابة؟ حوّلها إلى طريقة عمل.,مواصفة مهارة تحرير عربية صغيرة مع اختبار يمنع إضافة الوعود من عند المساعد.,Editorial draft; not scheduled
S06,2026-09-21,09:05,6,AI services,carousel,جهّز متابعة المستحقات من سجل اليوم,قالب بطاقة متابعة يفرق بين مبلغ مستحق ووعد دفع واعتراض قائم.,Editorial draft; not scheduled
B06,2026-09-21,14:20,6,Bunyan Pro,reel,العميل قال «تمام». على ماذا؟,نص تحديث يوضح المطلوب من العميل ويمنع تحميل كلمة «تمام» أكثر مما تعني.,Editorial draft; not scheduled
U06,2026-09-22,20:35,6,Practical AI,carousel,جدولك يحتاج 120 دقيقة… وعندك 90.,طلب تخطيط يكشف 30 دقيقة نقص ويعرض خيار تأجيل واضح بدل اختصار الزمن سرًا.,Editorial draft; not scheduled
B07,2026-09-23,09:15,7,Bunyan Pro,carousel,الموقع متوقف… ما القرار الناقص؟,سجل عائق من ست خانات يجعل اجتماع المتابعة ينتهي بخطوة محددة.,Editorial draft; not scheduled
S07,2026-09-23,20:45,7,AI services,carousel,المبيعات صفر. هل الطلب صفر؟,جدول صغير يضيف حالة التوفر ويمنع تفسيرًا خاطئًا قبل بناء التنبؤ.,Editorial draft; not scheduled
U07,2026-09-24,14:30,7,Practical AI,reel,قبل أن يرتّب ملاحظاتك… تأكد أنه قرأها.,خطوتان لصورة ملاحظات: تفريغ مع مواضع الشك، ثم تنظيم النص المصحح.,Editorial draft; not scheduled
S08,2026-09-25,09:25,8,AI services,reel,تدريب AI الذي يعود إلى المكتب,تمرين تدريب 30 دقيقة بثلاث جولات ومخرج حقيقي قابل للفحص.,Editorial draft; not scheduled
B08,2026-09-25,14:40,8,Bunyan Pro,carousel,المهندس تغيّر. ماذا بقي للمشروع؟,حزمة تسليم من صفحة واحدة واختبار استرجاع يكشف ما بقي في ذاكرة الأشخاص.,Editorial draft; not scheduled
U08,2026-09-26,20:55,8,Practical AI,carousel,العرض جميل. هل تستطيع تعديل كلمة فيه؟,فحص تسليم عرض عربي: حرّر كلمة، أعد فتح الملف، وافحص اتجاه النص والقالب ومصدر الادعاء.,Editorial draft; not scheduled
S09,2026-09-27,14:20,9,AI services,carousel,قِس العمل المقبول، لا سرعة المسودة,بطاقة اختبار قبل/بعد تحفظ الجودة وتضم زمن التصحيح.,Editorial draft; not scheduled
B09,2026-09-27,20:35,9,Bunyan Pro,reel,صور المشروع لا تشرح دور شركتك,بطاقة مشروع من أربعة حقول تساعد المالك على عرض خبرته بصدق وبما يفيد العميل القادم.,Editorial draft; not scheduled
U09,2026-09-28,09:05,9,Practical AI,carousel,المصطلح نفسه… لا تترجمه بثلاث طرق.,جدول مصطلحات عربي/إنجليزي يتضمن المعنى والاستثناء قبل الترجمة.,Editorial draft; not scheduled
S10,2026-09-29,09:15,10,AI services,carousel,خريطة أتمتة يستطيع الفريق تنفيذها,نموذج مكتمل لخريطة تجديد عقد خدمة، مع صيغة يملؤها القارئ لمساره.,Editorial draft; not scheduled
B10,2026-09-29,14:30,10,Bunyan Pro,carousel,اختبر نظام المتابعة على مشروع واحد,تجربة سبعة أيام بمعايير نجاح يحددها المكتب قبل البدء، تصلح لبنيان أو لأي أسلوب متابعة آخر.,Editorial draft; not scheduled
U10,2026-09-30,20:45,10,Practical AI,reel,تابع القدرة التي تحتاجها، لا كل أخبار AI.,قالب متابعة محدود لأداة تفريغ عربي مع تمييز الإعلان من الإتاحة والفائدة العملية.,Editorial draft; not scheduled
